result_name,B_init,delta_B_init,zeta_init,T1_init,sigma1_init,origin1_init,B,delta_B,zeta,T1,sigma1,origin1,chi2,redchi,func_evals,B_unc,delta_B_unc,zeta_unc,T1_unc,sigma1_unc,origin1_unc
result1,0.01,-0.1,-0.312,10,0.18,0.014,0.007017628789850591,-0.05014380231361304,-0.29888550450930285,33.305130856101236,0.16766484716677382,0.020362436605229295,68.64926242623008,0.730311302406703,183,0.0019930894017888157,0.011104996316212664,0.008798664987237616,9.307631060863123,0.0043178835595444245,0.005295880272920288
result2,0.005,-0.1,-0.312,90,0.18,0.014,0.004202065527630999,-0.03568959557882956,-0.30312592569717767,55.14194170266403,0.16757684934684552,0.025206237633031314,67.2999253971321,0.7159566531609798,166,0.0019520860553164617,0.015336376134756854,0.007992058083609012,25.4068956182312,0.004443962886370688,0.004831792024527229
result3,0.0005,-0.1,-0.312,180,0.18,0.014,0.003656965713999467,-0.21955346501242756,-0.12789897329870648,499.9999999998695,0.29999999999852883,0.5796552049185291,997.364062793877,10.610255987168904,211,0.0004484104643680369,0.06632548078952755,0.16879889320409594,274.2380081195124,0.07169489646889551,0.0968367532337622
