result_name,B_init,delta_B_init,zeta_init,T1_init,sigma1_init,origin1_init,B,delta_B,zeta,T1,sigma1,origin1,chi2,redchi,func_evals,B_unc,delta_B_unc,zeta_unc,T1_unc,sigma1_unc,origin1_unc
result1,0.01,-0.1,-0.312,10,0.18,0.014,0.007211717091356361,-0.025790208046819085,-0.7757810215189781,15.436568964768025,0.2772679479491484,0.00542939902086137,1751.0575426257387,18.62827173006105,15,0.04061459988505667,0.21441390064286592,0.5497771315617881,114.40671478887836,0.05539579583731332,0.1452124197065852
result2,0.005,-0.1,-0.312,90,0.18,0.014,0.004062742240743286,-0.034417296150095256,-0.3028304616089994,57.01943844711457,0.1674789464345988,0.025390099755395967,67.39370114253524,0.7169542674737791,39,0.001965604531203645,0.016137487757406397,0.00871521708598005,28.44975891773135,0.004604882606565351,0.004489549230330515
result3,0.0005,-0.1,-0.312,180,0.18,0.014,0.009825378103816677,-0.02400763347691559,0.2772206433661424,499.68587113341835,0.28388976433881413,0.6588209004312697,5781.165524333375,61.501760897163564,16,0.00582101306532058,0.33355046550892004,0.8187106179131304,202.4398270414154,20.556974370699606,1.259436712435187
