result_name,B_init,delta_B_init,zeta_init,T1_init,sigma1_init,origin1_init,B,delta_B,zeta,T1,sigma1,origin1,chi2,redchi,func_evals,B_unc,delta_B_unc,zeta_unc,T1_unc,sigma1_unc,origin1_unc
result1,0.01,-0.1,-0.312,10,0.18,0.014,0.007017628789577922,-0.050143803140374366,-0.2988855045488945,33.30513085666088,0.1676648471479626,0.020362436627356706,68.64926238301814,0.7303113019470014,195,0.0020087685665468513,0.011241785018054569,0.008810586276505388,9.375013936082652,0.004313402138875221,0.005300303563976118
result2,0.005,-0.1,-0.312,90,0.18,0.014,0.004202065527621621,-0.03568959557938789,-0.30312592569717256,55.14194170266996,0.16757684934687683,0.025206237632611872,67.29992539712863,0.7159566531609429,185,0.001951930123377696,0.015335684777021115,0.007991804932466243,25.404806577006287,0.004444054306270958,0.004831598567462908
result3,0.0005,-0.1,-0.312,180,0.18,0.014,0.003656965713999467,-0.21955346501242756,-0.12789897329870648,499.9999999998695,0.29999999999852883,0.5796552049185291,997.364062793877,10.610255987168904,214,0.0004484104643680369,0.06632548078952755,0.16879889320409594,274.2380081195124,0.07169489646889551,0.0968367532337622
