result_name,B_init,delta_B_init,zeta_init,T1_init,sigma1_init,origin1_init,B,delta_B,zeta,T1,sigma1,origin1,chi2,redchi,func_evals,B_unc,delta_B_unc,zeta_unc,T1_unc,sigma1_unc,origin1_unc
result1,0.01,-0.1,-0.312,10,0.18,0.014,0.003949667556011902,-0.10056603136726294,-0.3126567715519153,53.574173157304394,0.18743478066528235,0.01496718305842104,166.18479545652832,1.767923355920514,283,0.001980649986877371,0.04967668100509819,0.011057155643513908,26.895771597200582,0.005179728669155072,0.005502443420044561
result2,0.005,-0.1,-0.312,90,0.18,0.014,0.003946459638353612,-0.10041116442510012,-0.3125205151510093,53.62202760955612,0.1873748609476512,0.014963892778626864,166.18278796223757,1.767901999598272,372,0.0020240745131280377,0.051125673751196574,0.01099482640596727,27.48124067107448,0.005182250034012438,0.005573526595109805
result3,0.0005,-0.1,-0.312,180,0.18,0.014,0.009999999916345054,-2.9437321469316657e-09,0.9999999999997795,499.9999999999887,0.0580964835736401,0.00363555545083738,1086.7150380641845,11.560798277278558,232,8.325056372672218e-05,0.03383463756958972,0.8410865295102057,569.1992456050615,0.06623322155344524,0.0355136466307279
