result_name,B_init,delta_B_init,zeta_init,T1_init,sigma1_init,origin1_init,B,delta_B,zeta,T1,sigma1,origin1,chi2,redchi,func_evals,B_unc,delta_B_unc,zeta_unc,T1_unc,sigma1_unc,origin1_unc
result1,0.01,-0.1,-0.312,10,0.18,0.014,0.003949667644415186,-0.100566045413236,-0.31265677024006777,53.57417321920254,0.18743477994213892,0.014967180529490864,166.18479544559324,1.7679233558041834,353,0.0019805836723651568,0.049674748264075766,0.011057469442350793,26.894912413535323,0.005179603595278928,0.005502651062583802
result2,0.005,-0.1,-0.312,90,0.18,0.014,0.003946459638230665,-0.10041116442738818,-0.3125205151508348,53.622027610915396,0.18737486094719757,0.014963892775538223,166.18278796221733,1.7679019995980567,392,0.002024170792048246,0.05112662468562176,0.010994947037971457,27.48266860766542,0.0051823369249218215,0.005573692984139264
result3,0.0005,-0.1,-0.312,180,0.18,0.014,0.009999999916341836,-2.9436413306882514e-09,0.9999999999997795,499.9999999999887,0.05809648357395644,0.003635555686636982,1086.7150380641028,11.560798277277689,248,7.982833574839174e-05,0.03394112194207183,0.8869414829137172,482.43364493162335,0.06407679760676689,0.035554984561198315
