result_name,B_init,delta_B_init,zeta_init,T1_init,sigma1_init,origin1_init,B,delta_B,zeta,T1,sigma1,origin1,chi2,redchi,func_evals,B_unc,delta_B_unc,zeta_unc,T1_unc,sigma1_unc,origin1_unc
result1,0.01,-0.1,-0.312,10,0.18,0.014,0.007017755215674442,-0.049918526088593485,-0.29885820735022617,33.304761583965224,0.16767868428070662,0.020344656352887514,68.66316720512094,0.730459225586393,139,0.0019400178974404959,0.011219298180639097,0.008614559321621057,9.090639045393326,0.004251081414720015,0.0052734606873265375
result2,0.005,-0.1,-0.312,90,0.18,0.014,0.0042020656842453,-0.035689605689095405,-0.30312592590353116,55.14194159274524,0.1675768487486255,0.025206242783315513,67.29992554923876,0.7159566547791358,136,0.0018956969936882683,0.014555651817653907,0.007945257670314319,24.654960007476717,0.004533223251891293,0.0049140072738080584
result3,0.0005,-0.1,-0.312,180,0.18,0.014,0.003706673657450205,-0.21781399898105214,-0.11189459737790186,499.9999856203761,0.2998767379678094,0.5999805572624406,999.7457880453749,10.635593489844414,128,0.00040309357580843293,0.07090594896688503,0.15329852503090974,626.289490792981,0.07375175278570592,0.10287318991016436
