result_name,B_init,delta_B_init,zeta_init,T1_init,sigma1_init,origin1_init,B,delta_B,zeta,T1,sigma1,origin1,chi2,redchi,func_evals,B_unc,delta_B_unc,zeta_unc,T1_unc,sigma1_unc,origin1_unc
result1,0.01,-0.1,-0.312,10,0.18,0.014,0.0022558940065210923,-0.030834471738129143,-0.4153432917376919,126.45156056930382,0.2092667444988937,-0.011515262611287436,247.44016016389128,2.632342129403099,212,0.00019438388339076813,0.0064195851786825586,0.05119793463701262,37.911053687476546,0.018509559650477684,0.007306637826104928
result2,0.005,-0.1,-0.312,90,0.18,0.014,0.0022130677617779528,-0.03139129057928869,-0.4253528805433169,136.1121128183942,0.21305944878198552,-0.010619506226852926,247.38167627743096,2.6317199603982018,170,0.00021584421906220187,0.007108687396764449,0.05966403077411124,53.15132238162196,0.02062901545149374,0.008244902684322862
result3,0.0005,-0.1,-0.312,180,0.18,0.014,0.0066222099593172285,-0.002316916417791637,0.6806661479281813,499.4936454848747,0.0671443985541826,0.7260868875599849,14298.55785261098,152.11231758096787,20,0.00161115382795639,0.016465548345528214,0.07006738890983494,305.8461446243515,0.05096521557076881,0.044585847398391686
