result_name,B_init,delta_B_init,zeta_init,T1_init,sigma1_init,origin1_init,B,delta_B,zeta,T1,sigma1,origin1,chi2,redchi,func_evals,B_unc,delta_B_unc,zeta_unc,T1_unc,sigma1_unc,origin1_unc
result1,0.01,-0.1,-0.312,10,0.18,0.014,0.009875579700266772,-0.14507547493043882,-0.27621548487397596,23.088693126501454,0.15924538605830546,0.05732586120555161,109.9089570595169,1.1692442240374137,438,0.0019425119889087716,0.019225211256793558,0.01167949709057371,4.307506737434427,0.005429883033253542,0.005890281522118428
result2,0.005,-0.1,-0.312,90,0.18,0.014,0.0028076394239555102,-0.05035770623398994,-0.2873036419898043,82.15234932286901,0.16462844213299885,0.07094135067393426,86.59971608783825,0.9212735754025345,107,0.00010565190822100202,0.004988477578230802,0.010748332462284226,4.6616498673206195,0.006420764930004887,0.004353265396722055
result3,0.0005,-0.1,-0.312,180,0.18,0.014,0.009786295151349702,-0.9093140477824966,0.9999999999994076,104.48428410132695,0.29999999999999255,0.5994029669008736,2141.748811266231,22.78456182198118,1481,,,,,,
